NO,시군구,번지,본번,부번,단지명,전용면적(㎡),계약년월,계약일,거래금액(만원),층,매수자,매도자,건축년도,도로명,해제사유발생일,거래유형,중개사소재지
1,제주특별자치도 제주시 삼양이동,2174-17,2174,0017,청담휴클래스,59.4757,201612,30,"19,462",3,-,-,2016, ,-,-,-
2,제주특별자치도 제주시 삼양이동,2174-17,2174,0017,청담휴클래스,53.5651,201612,30,"14,326",8,-,-,2016, ,-,-,-
3,제주특별자치도 제주시 삼양이동,2174-17,2174,0017,청담휴클래스,59.4757,201612,30,"20,736",6,-,-,2016, ,-,-,-
4,제주특별자치도 제주시 노형동,3781,3781,0000,한빛지비조아,46.7700,201612,30,"19,077",8,-,-,2016, ,-,-,-
5,제주특별자치도 제주시 삼양이동,2174-17,2174,0017,청담휴클래스,69.0045,201612,30,"25,130",6,-,-,2016, ,-,-,-
6,제주특별자치도 서귀포시 서귀동,251-1,0251,0001,선경오피스텔,54.0000,201612,30,"3,400",7,-,-,1992,중정로 123,-,-,-
7,제주특별자치도 제주시 삼양이동,2174-17,2174,0017,청담휴클래스,59.4757,201612,30,"21,736",7,-,-,2016, ,-,-,-
8,제주특별자치도 제주시 삼양이동,2174-17,2174,0017,청담휴클래스,74.7804,201612,29,"23,694",2,-,-,2016, ,-,-,-
9,제주특별자치도 제주시 노형동,3781,3781,0000,한빛지비조아,46.7700,201612,29,"18,156",3,-,-,2016, ,-,-,-
10,제주특별자치도 제주시 노형동,3781,3781,0000,한빛지비조아,46.7700,201612,29,"20,320",3,-,-,2016, ,-,-,-
11,제주특별자치도 제주시 삼양이동,2174-17,2174,0017,청담휴클래스,74.7804,201612,29,"18,421",4,-,-,2016, ,-,-,-
12,제주특별자치도 제주시 노형동,3781,3781,0000,한빛지비조아,46.7700,201612,28,"20,688",5,-,-,2016, ,-,-,-
13,제주특별자치도 제주시 외도일동,537-2,0537,0002,남건휴먼스 5차,43.8900,201612,28,"12,500",4,-,-,2015,우령서로 67,-,-,-
14,제주특별자치도 제주시 노형동,721-2,0721,0002,노형 이타스Ⅲ,83.6600,201612,27,"30,000",11,-,-,2016,과원북4길 17,-,-,-
15,제주특별자치도 제주시 노형동,3781,3781,0000,한빛지비조아,46.7500,201612,26,"18,524",5,-,-,2016, ,-,-,-
16,제주특별자치도 제주시 노형동,3781,3781,0000,한빛지비조아,46.7700,201612,26,"20,320",3,-,-,2016, ,-,-,-
17,제주특별자치도 제주시 노형동,3781,3781,0000,한빛지비조아,46.7700,201612,26,"19,077",8,-,-,2016, ,-,-,-
18,제주특별자치도 제주시 노형동,3781,3781,0000,한빛지비조아,46.7700,201612,26,"20,688",5,-,-,2016, ,-,-,-
19,제주특별자치도 제주시 노형동,3781,3781,0000,한빛지비조아,46.6500,201612,26,"20,873",6,-,-,2016, ,-,-,-
20,제주특별자치도 제주시 노형동,3781,3781,0000,한빛지비조아,46.7500,201612,26,"18,340",4,-,-,2016, ,-,-,-
21,제주특별자치도 제주시 노형동,3781,3781,0000,한빛지비조아,46.7700,201612,26,"18,156",3,-,-,2016, ,-,-,-
22,제주특별자치도 제주시 노형동,3781,3781,0000,한빛지비조아,46.7700,201612,26,"18,340",4,-,-,2016, ,-,-,-
23,제주특별자치도 제주시 노형동,3781,3781,0000,한빛지비조아,46.7700,201612,26,"20,873",6,-,-,2016, ,-,-,-
24,제주특별자치도 제주시 노형동,3781,3781,0000,한빛지비조아,46.7700,201612,26,"20,504",4,-,-,2016, ,-,-,-
25,제주특별자치도 제주시 노형동,3781,3781,0000,한빛지비조아,46.7700,201612,26,"21,057",7,-,-,2016, ,-,-,-
26,제주특별자치도 제주시 노형동,3781,3781,0000,한빛지비조아,46.7700,201612,26,"20,873",6,-,-,2016, ,-,-,-
27,제주특별자치도 서귀포시 서귀동,251-1,0251,0001,선경오피스텔,32.0000,201612,22,"3,500",10,-,-,1992,중정로 123,-,-,-
28,제주특별자치도 제주시 노형동,906-1,0906,0001,이화오피스텔,26.3550,201612,21,"7,000",3,-,-,1991,도령로 50,-,-,-
29,제주특별자치도 제주시 노형동,905-3,0905,0003,(905-3),36.8550,201612,21,"9,500",10,-,-,1991,도령로 40,-,-,-
30,제주특별자치도 제주시 노형동,905-3,0905,0003,(905-3),36.8550,201612,21,"13,000",10,-,-,1991,도령로 40,-,-,-
31,제주특별자치도 제주시 연동,303-46,0303,0046,태림 수앤수,58.6800,201612,21,"19,000",5,-,-,2015,문송길 40,-,-,-
32,제주특별자치도 제주시 연동,278,0278,0000,연동 풀하우스,21.7500,201612,21,"8,800",4,-,-,2011,연동8길 29,-,-,-
33,제주특별자치도 제주시 노형동,1294-4,1294,0004,노형 에코하임,84.9700,201612,20,"31,700",17,-,-,2012,도령로 37,-,-,-
34,제주특별자치도 서귀포시 서귀동,251-1,0251,0001,선경오피스텔,48.0000,201612,19,"2,430",7,-,-,1992,중정로 123,-,-,-
35,제주특별자치도 서귀포시 대정읍 보성리,2476-13,2476,0013,제주 이노에듀타운,25.7420,201612,16,"11,263",2,-,-,2016,글로벌에듀로 382,-,-,-
36,제주특별자치도 제주시 노형동,711,0711,0000,에이스텔,30.5100,201612,16,"12,500",5,-,-,2003,연북로 8,-,-,-
37,제주특별자치도 서귀포시 서귀동,544-2,0544,0002,디 아일랜드 블루 호텔,56.9300,201612,15,"26,000",5,-,-,2013,태평로431번길 7,-,-,-
38,제주특별자치도 서귀포시 호근동,2012,2012,0000,하르빌호근,74.6200,201612,13,"22,900",5,-,-,2016,중산간동로 8327,-,-,-
39,제주특별자치도 제주시 삼도일동,530-5,0530,0005,제동 해피죤 오피스텔,39.0400,201612,12,"9,500",5,-,-,2004,서사로 94,-,-,-
40,제주특별자치도 제주시 노형동,722-2,0722,0002,메르헨하우스3,20.1400,201612,12,"9,000",15,-,-,2004,연북로 41,-,-,-
41,제주특별자치도 서귀포시 서귀동,163-11,0163,0011,남양오피스텔,41.0600,201612,12,"4,000",9,-,-,1994,태평로 438,-,-,-
42,제주특별자치도 서귀포시 동홍동,393-3,0393,0003,지예타워 V,80.0000,201612,12,"18,818",4,-,-,2015,태평로 483,-,-,-
43,제주특별자치도 제주시 삼도일동,530-5,0530,0005,제동 해피죤 오피스텔,39.0400,201612,12,"9,500",3,-,-,2004,서사로 94,-,-,-
44,제주특별자치도 서귀포시 호근동,2012,2012,0000,하르빌호근,74.1100,201612,11,"20,298",4,-,-,2016,중산간동로 8327,-,-,-
45,제주특별자치도 제주시 노형동,905-3,0905,0003,(905-3),36.8550,201612,09,"8,000",8,-,-,1991,도령로 40,-,-,-
46,제주특별자치도 제주시 노형동,906-5,0906,0005,한신코아오피스텔,30.0000,201612,08,"7,500",8,-,-,1991,도령로 54,-,-,-
47,제주특별자치도 제주시 연동,2324-5,2324,0005,제주현대오피스텔,33.6000,201612,08,"9,600",12,-,-,1990,도령로 87,-,-,-
48,제주특별자치도 제주시 연동,2324-5,2324,0005,제주현대오피스텔,33.6000,201612,08,"7,300",9,-,-,1990,도령로 87,-,-,-
49,제주특별자치도 제주시 연동,304-19,0304,0019,월드룸,31.5000,201612,07,"4,000",5,-,-,2001,비월길 2,-,-,-
50,제주특별자치도 제주시 연동,304-19,0304,0019,월드룸,31.5000,201612,07,"4,000",4,-,-,2001,비월길 2,-,-,-
51,제주특별자치도 서귀포시 호근동,2012,2012,0000,하르빌호근,74.0300,201612,07,"23,000",4,-,-,2016,중산간동로 8327,-,-,-
52,제주특별자치도 서귀포시 법환동,1196-12,1196,0012,루체클래식,84.7000,201612,07,"29,300",5,-,-,2016,법환로 51,-,-,-
53,제주특별자치도 제주시 노형동,905-3,0905,0003,(905-3),36.8550,201612,05,"12,000",8,-,-,1991,도령로 40,-,-,-
54,제주특별자치도 제주시 삼도일동,530-5,0530,0005,제동 해피죤 오피스텔,40.5400,201612,01,"9,300",4,-,-,2004,서사로 94,-,-,-
55,제주특별자치도 제주시 외도일동,505-4,0505,0004,한탑주상복합,40.2600,201612,01,"7,300",8,-,-,2008,우령2길 3-3,-,-,-
56,제주특별자치도 제주시 연동,283-23,0283,0023,블루시티,29.6300,201612,01,"9,550",6,-,-,2006,은남4길 27,-,-,-
57,제주특별자치도 제주시 노형동,722-3,0722,0003,메르헨하우스2,20.1400,201611,30,"7,000",9,-,-,2004,연북로 45,-,-,-
58,제주특별자치도 제주시 노형동,905-3,0905,0003,(905-3),36.8550,201611,30,"13,500",12,-,-,1991,도령로 40,-,-,-
59,제주특별자치도 제주시 노형동,906-5,0906,0005,한신코아오피스텔,30.0000,201611,28,"7,500",7,-,-,1991,도령로 54,-,-,-
60,제주특별자치도 제주시 연동,283-23,0283,0023,블루시티,37.5600,201611,28,"10,400",6,-,-,2006,은남4길 27,-,-,-
61,제주특별자치도 제주시 연동,306-12,0306,0012,진호 케스텔,29.1900,201611,24,"5,500",2,-,-,2003,사장길 37,-,-,-
62,제주특별자치도 제주시 연동,272-33,0272,0033,로얄쇼핑센타및오피스텔,67.0400,201611,23,"12,000",5,-,-,1992,신대로12길 51,-,-,-
63,제주특별자치도 제주시 연동,283-23,0283,0023,블루시티,31.2300,201611,23,"9,700",6,-,-,2006,은남4길 27,-,-,-
64,제주특별자치도 제주시 노형동,711-2,0711,0002,이레하이텔,37.0000,201611,22,"10,000",6,-,-,2003,연북로 12,-,-,-
65,제주특별자치도 서귀포시 서귀동,251-1,0251,0001,선경오피스텔,32.0000,201611,20,"3,500",4,-,-,1992,중정로 123,-,-,-
66,제주특별자치도 제주시 노형동,722-3,0722,0003,메르헨하우스2,20.1400,201611,16,"8,350",10,-,-,2004,연북로 45,-,-,-
67,제주특별자치도 서귀포시 호근동,2012,2012,0000,하르빌호근,74.1100,201611,16,"20,000",5,-,-,2016,중산간동로 8327,-,-,-
68,제주특별자치도 제주시 노형동,711-2,0711,0002,이레하이텔,37.0000,201611,16,"14,000",9,-,-,2003,연북로 12,-,-,-
69,제주특별자치도 제주시 외도일동,505-8,0505,0008,남건휴먼스2차,40.9200,201611,15,"11,000",4,-,-,2015, ,-,-,-
70,제주특별자치도 서귀포시 서귀동,163-11,0163,0011,남양오피스텔,47.6100,201611,15,"7,000",2,-,-,1994,태평로 438,-,-,-
71,제주특별자치도 서귀포시 서귀동,163-11,0163,0011,남양오피스텔,25.0250,201611,15,"5,600",7,-,-,1994,태평로 438,-,-,-
72,제주특별자치도 제주시 연동,271-5,0271,0005,연동 이타스,84.9200,201611,14,"18,525",6,-,-,2013,신광로 19,-,-,-
73,제주특별자치도 제주시 연동,2324-5,2324,0005,제주현대오피스텔,33.6000,201611,12,"8,300",9,-,-,1990,도령로 87,-,-,-
74,제주특별자치도 제주시 도련일동,1938-5,1938,0005,제주 아빌로스,26.4600,201611,11,"11,500",4,-,-,2014,건주로4길 6-4,-,-,-
75,제주특별자치도 제주시 한림읍 수원리,763,0763,0000,갤럭시 한수풀랜드,84.8900,201611,11,"21,000",7,-,-,2016,한림로 785,-,-,-
76,제주특별자치도 제주시 도련일동,1938-5,1938,0005,제주 아빌로스,24.5700,201611,11,"10,700",4,-,-,2014,건주로4길 6-4,-,-,-
77,제주특별자치도 제주시 노형동,906-5,0906,0005,한신코아오피스텔,60.0000,201611,10,"15,000",12,-,-,1991,도령로 54,-,-,-
78,제주특별자치도 서귀포시 표선면 표선리,845,0845,0000,해비치빌오피스텔,76.0600,201611,10,"21,300",7,-,-,2014,표선중앙로110번길 5,-,-,-
79,제주특별자치도 제주시 연동,306-12,0306,0012,진호 케스텔,31.5800,201611,09,"8,400",4,-,-,2003,사장길 37,-,-,-
80,제주특별자치도 서귀포시 법환동,1196-12,1196,0012,루체클래식,84.7000,201611,09,"29,300",5,-,-,2016,법환로 51,-,-,-
81,제주특별자치도 제주시 노형동,721-2,0721,0002,노형 이타스Ⅲ,83.8700,201611,09,"26,652",10,-,-,2016,과원북4길 17,-,-,-
82,제주특별자치도 제주시 한림읍 수원리,763,0763,0000,갤럭시 한수풀랜드,84.8900,201611,08,"16,800",3,-,-,2016,한림로 785,-,-,-
83,제주특별자치도 서귀포시 동홍동,393-3,0393,0003,지예타워 V,80.0000,201611,08,"18,818",3,-,-,2015,태평로 483,-,-,-
84,제주특별자치도 제주시 이도일동,1784-17,1784,0017,진용이지빌2차,84.5700,201611,08,"21,600",3,-,-,2016,광양6길 28,-,-,-
85,제주특별자치도 서귀포시 동홍동,393-3,0393,0003,지예타워 V,84.6800,201611,06,"20,700",5,-,-,2015,태평로 483,-,-,-
86,제주특별자치도 제주시 오라이동,1357-4,1357,0004,혜림 위더스빌,84.9200,201611,05,"27,000",3,-,-,2015,연사길 67,-,-,-
87,제주특별자치도 제주시 연동,1373-1,1373,0001,아일랜드마이빌,27.3800,201611,05,"10,500",2,-,-,2004,신대로22길 25,-,-,-
88,제주특별자치도 제주시 이도일동,1784-17,1784,0017,진용이지빌2차,84.5700,201611,04,"22,000",2,-,-,2016,광양6길 28,-,-,-
89,제주특별자치도 서귀포시 표선면 표선리,845,0845,0000,해비치빌오피스텔,76.0600,201611,04,"18,000",2,-,-,2014,표선중앙로110번길 5,-,-,-
90,제주특별자치도 제주시 이도일동,1784-17,1784,0017,진용이지빌2차,84.5700,201611,04,"22,000",2,-,-,2016,광양6길 28,-,-,-
91,제주특별자치도 제주시 노형동,906-5,0906,0005,한신코아오피스텔,30.0000,201611,02,"7,700",6,-,-,1991,도령로 54,-,-,-
92,제주특별자치도 제주시 노형동,906-5,0906,0005,한신코아오피스텔,42.3100,201611,02,"9,000",3,-,-,1991,도령로 54,-,-,-
93,제주특별자치도 제주시 노형동,1294-4,1294,0004,노형 에코하임,84.9700,201610,31,"32,600",16,-,-,2012,도령로 37,-,-,-
94,제주특별자치도 제주시 노형동,722-2,0722,0002,메르헨하우스3,20.1400,201610,28,"8,000",11,-,-,2004,연북로 41,-,-,-
95,제주특별자치도 서귀포시 서귀동,251-1,0251,0001,선경오피스텔,73.0500,201610,28,"5,500",10,-,-,1992,중정로 123,-,-,-
96,제주특별자치도 제주시 연동,306-12,0306,0012,진호 케스텔,31.5800,201610,27,"8,000",2,-,-,2003,사장길 37,-,-,-
97,제주특별자치도 제주시 노형동,906-5,0906,0005,한신코아오피스텔,30.0000,201610,26,"8,000",2,-,-,1991,도령로 54,-,-,-
98,제주특별자치도 제주시 노형동,722-3,0722,0003,메르헨하우스2,20.1400,201610,26,"8,000",13,-,-,2004,연북로 45,-,-,-
99,제주특별자치도 제주시 연동,272-33,0272,0033,로얄쇼핑센타및오피스텔,28.9800,201610,25,"7,000",5,-,-,1992,신대로12길 51,-,-,-
100,제주특별자치도 제주시 연동,272-33,0272,0033,로얄쇼핑센타및오피스텔,29.1600,201610,24,"4,800",5,-,-,1992,신대로12길 51,-,-,-
101,제주특별자치도 서귀포시 서귀동,251-1,0251,0001,선경오피스텔,44.0000,201610,24,"5,000",7,-,-,1992,중정로 123,-,-,-
102,제주특별자치도 제주시 오라이동,1361,1361,0000,세일파크빌,84.0200,201610,23,"24,800",2,-,-,2015, ,-,-,-
103,제주특별자치도 제주시 연동,1370-3,1370,0003,에코파인,84.8600,201610,22,"35,600",8,-,-,2015, ,-,-,-
104,제주특별자치도 제주시 연동,1954-3,1954,0003,(1954-3),31.7800,201610,21,"12,633",4,-,-,2016,남녕로 34,-,-,-
105,제주특별자치도 제주시 노형동,2576-3,2576,0003,정현빌,83.2000,201610,21,"23,900",5,-,-,2013,달마루길 28,-,-,-
106,제주특별자치도 제주시 노형동,906-5,0906,0005,한신코아오피스텔,30.0000,201610,21,"7,800",3,-,-,1991,도령로 54,-,-,-
107,제주특별자치도 제주시 노형동,709,0709,0000,에코트윈,84.3700,201610,20,"33,000",10,-,-,2013,1100로 3308,-,-,-
108,제주특별자치도 제주시 연동,271-5,0271,0005,연동 이타스,84.9200,201610,19,"18,639",7,-,-,2013,신광로 19,-,-,-
109,제주특별자치도 제주시 노형동,721-2,0721,0002,노형 이타스Ⅲ,82.5900,201610,18,"26,010",2,-,-,2016,과원북4길 17,-,-,-
110,제주특별자치도 제주시 노형동,1294-4,1294,0004,노형 에코하임,84.9000,201610,17,"32,750",14,-,-,2012,도령로 37,-,-,-
111,제주특별자치도 서귀포시 서귀동,163-11,0163,0011,남양오피스텔,25.0250,201610,17,"3,000",6,-,-,1994,태평로 438,-,-,-
112,제주특별자치도 제주시 외도일동,543-9,0543,0009,남건휴먼스 8차,39.8900,201610,15,"12,500",2,-,-,2016,우정로16길 10,-,-,-
113,제주특별자치도 제주시 노형동,722-3,0722,0003,메르헨하우스2,20.1400,201610,14,"8,400",6,-,-,2004,연북로 45,-,-,-
114,제주특별자치도 제주시 노형동,711-2,0711,0002,이레하이텔,37.0000,201610,14,"12,500",10,-,-,2003,연북로 12,-,-,-
115,제주특별자치도 제주시 노형동,711-2,0711,0002,이레하이텔,36.9400,201610,14,"11,900",7,-,-,2003,연북로 12,-,-,-
116,제주특별자치도 제주시 노형동,722-3,0722,0003,메르헨하우스2,20.1400,201610,14,"8,400",6,-,-,2004,연북로 45,-,-,-
117,제주특별자치도 서귀포시 서귀동,163-11,0163,0011,남양오피스텔,25.0250,201610,13,"4,500",5,-,-,1994,태평로 438,-,-,-
118,제주특별자치도 서귀포시 서귀동,251-1,0251,0001,선경오피스텔,32.0000,201610,13,"3,000",4,-,-,1992,중정로 123,-,-,-
119,제주특별자치도 제주시 연동,1954-3,1954,0003,(1954-3),31.7800,201610,13,"14,100",4,-,-,2016,남녕로 34,-,-,-
120,제주특별자치도 서귀포시 동홍동,1201,1201,0000,금강라이프빌2차,55.0700,201610,13,"13,000",2,-,-,2013,동홍로162번길 19,-,-,-
121,제주특별자치도 제주시 도련일동,1938-5,1938,0005,제주 아빌로스,26.4600,201610,12,"11,500",4,-,-,2014,건주로4길 6-4,-,-,-
122,제주특별자치도 제주시 노형동,721-2,0721,0002,노형 이타스Ⅲ,83.8700,201610,11,"27,017",4,-,-,2016,과원북4길 17,-,-,-
123,제주특별자치도 제주시 노형동,722-2,0722,0002,메르헨하우스3,20.1400,201610,11,"8,500",9,-,-,2004,연북로 41,-,-,-
124,제주특별자치도 제주시 노형동,722-2,0722,0002,메르헨하우스3,20.1400,201610,11,"8,500",9,-,-,2004,연북로 41,-,-,-
125,제주특별자치도 제주시 노형동,722-2,0722,0002,메르헨하우스3,20.1400,201610,10,"9,000",14,-,-,2004,연북로 41,-,-,-
126,제주특별자치도 제주시 노형동,905-3,0905,0003,(905-3),32.7600,201610,07,"8,200",4,-,-,1991,도령로 40,-,-,-
127,제주특별자치도 제주시 노형동,726-1,0726,0001,노형 ETAS I,81.0200,201610,07,"28,800",5,-,-,2014,연북로 48,-,-,-
128,제주특별자치도 제주시 연동,278,0278,0000,연동 풀하우스,21.7500,201610,06,"9,550",5,-,-,2011,연동8길 29,-,-,-
129,제주특별자치도 제주시 이도이동,1060,1060,0000,이도재영샤르빌,108.3300,201610,06,"22,000",3,-,-,2011,고산동산5길 36,-,-,-
130,제주특별자치도 제주시 연동,303-46,0303,0046,태림 수앤수,62.4000,201610,05,"20,800",9,-,-,2015,문송길 40,-,-,-
131,제주특별자치도 서귀포시 동홍동,393-3,0393,0003,지예타워 V,80.0000,201610,05,"19,759",2,-,-,2015,태평로 483,-,-,-
132,제주특별자치도 제주시 노형동,906-5,0906,0005,한신코아오피스텔,38.5700,201610,04,"9,000",10,-,-,1991,도령로 54,-,-,-
133,제주특별자치도 제주시 노형동,721-2,0721,0002,노형 이타스Ⅲ,82.5900,201609,30,"26,737",5,-,-,2016,과원북4길 17,-,-,-
134,제주특별자치도 제주시 연동,276-9,0276,0009,신제주오피스텔,29.3900,201609,29,"3,000",11,-,-,1991,신광로 103,-,-,-
135,제주특별자치도 제주시 노형동,721-2,0721,0002,노형 이타스Ⅲ,82.5900,201609,29,"27,374",12,-,-,2016,과원북4길 17,-,-,-
136,제주특별자치도 제주시 노형동,722-2,0722,0002,메르헨하우스3,18.6600,201609,29,"7,800",5,-,-,2004,연북로 41,-,-,-
137,제주특별자치도 제주시 외도일동,495-2,0495,0002,남건휴먼스 7차,61.3600,201609,28,"16,176",2,-,-,2016,우정로10길 8,-,-,-
138,제주특별자치도 제주시 노형동,721-2,0721,0002,노형 이타스Ⅲ,83.8700,201609,28,"26,835",11,-,-,2016,과원북4길 17,-,-,-
139,제주특별자치도 서귀포시 대정읍 하모리,1394-2,1394,0002,가온누리,81.4100,201609,27,"21,300",6,-,-,2016, ,-,-,-
140,제주특별자치도 제주시 연동,1373-1,1373,0001,아일랜드마이빌,25.2100,201609,23,"10,500",2,-,-,2004,신대로22길 25,-,-,-
141,제주특별자치도 제주시 연동,280-8,0280,0008,스테이280,74.4300,201609,22,"28,000",6,-,-,2015,신광로1길 18,-,-,-
142,제주특별자치도 제주시 노형동,721-2,0721,0002,노형 이타스Ⅲ,45.5000,201609,21,"14,347",2,-,-,2016,과원북4길 17,-,-,-
143,제주특별자치도 제주시 외도일동,453-7,0453,0007,외도동 에코그린빌 3차,84.8500,201609,20,"17,000",7,-,-,2013,조공포길 22,-,-,-
144,제주특별자치도 제주시 노형동,722-2,0722,0002,메르헨하우스3,18.6600,201609,20,"7,900",13,-,-,2004,연북로 41,-,-,-
145,제주특별자치도 제주시 노형동,722-3,0722,0003,메르헨하우스2,20.1400,201609,20,"8,400",14,-,-,2004,연북로 45,-,-,-
146,제주특별자치도 제주시 노형동,906-5,0906,0005,한신코아오피스텔,30.0000,201609,12,"6,500",6,-,-,1991,도령로 54,-,-,-
147,제주특별자치도 제주시 연동,1954-3,1954,0003,(1954-3),31.7800,201609,12,"13,288",4,-,-,2016,남녕로 34,-,-,-
148,제주특별자치도 제주시 노형동,722-2,0722,0002,메르헨하우스3,20.1400,201609,07,"8,850",1,-,-,2004,연북로 41,-,-,-
149,제주특별자치도 서귀포시 서귀동,251-1,0251,0001,선경오피스텔,44.0000,201609,07,"2,900",6,-,-,1992,중정로 123,-,-,-
150,제주특별자치도 제주시 연동,271-5,0271,0005,연동 이타스,84.9200,201609,05,"28,200",9,-,-,2013,신광로 19,-,-,-
151,제주특별자치도 제주시 연동,280-8,0280,0008,스테이280,73.8700,201609,05,"25,500",4,-,-,2015,신광로1길 18,-,-,-
152,제주특별자치도 제주시 연동,280-8,0280,0008,스테이280,73.8700,201609,05,"25,500",4,-,-,2015,신광로1길 18,-,-,-
153,제주특별자치도 제주시 외도일동,543-9,0543,0009,남건휴먼스 8차,39.8900,201608,26,"11,600",3,-,-,2016,우정로16길 10,-,-,-
154,제주특별자치도 제주시 외도일동,543-9,0543,0009,남건휴먼스 8차,39.8900,201608,26,"10,521",2,-,-,2016,우정로16길 10,-,-,-
155,제주특별자치도 제주시 연동,272-33,0272,0033,로얄쇼핑센타및오피스텔,29.1600,201608,24,"5,000",6,-,-,1992,신대로12길 51,-,-,-
156,제주특별자치도 제주시 외도일동,543-9,0543,0009,남건휴먼스 8차,39.8900,201608,24,"12,800",7,-,-,2016,우정로16길 10,-,-,-
157,제주특별자치도 제주시 노형동,721-2,0721,0002,노형 이타스Ⅲ,82.5900,201608,23,"27,101",9,-,-,2016,과원북4길 17,-,-,-
158,제주특별자치도 제주시 노형동,906-5,0906,0005,한신코아오피스텔,60.0000,201608,22,"9,000",12,-,-,1991,도령로 54,-,-,-
159,제주특별자치도 제주시 연동,1954-3,1954,0003,(1954-3),31.7800,201608,19,"14,200",3,-,-,2016,남녕로 34,-,-,-
160,제주특별자치도 제주시 노형동,906-5,0906,0005,한신코아오피스텔,30.0000,201608,19,"7,000",6,-,-,1991,도령로 54,-,-,-
161,제주특별자치도 제주시 노형동,906-5,0906,0005,한신코아오피스텔,64.0000,201608,19,"12,000",2,-,-,1991,도령로 54,-,-,-
162,제주특별자치도 제주시 외도일동,543-9,0543,0009,남건휴먼스 8차,40.1100,201608,17,"11,918",7,-,-,2016,우정로16길 10,-,-,-
163,제주특별자치도 제주시 노형동,722-3,0722,0003,메르헨하우스2,20.1400,201608,17,"8,100",2,-,-,2004,연북로 45,-,-,-
164,제주특별자치도 제주시 노형동,721-2,0721,0002,노형 이타스Ⅲ,82.5900,201608,17,"27,465",13,-,-,2016,과원북4길 17,-,-,-
165,제주특별자치도 제주시 노형동,722-3,0722,0003,메르헨하우스2,20.1400,201608,16,"8,400",8,-,-,2004,연북로 45,-,-,-
166,제주특별자치도 서귀포시 서홍동,1615-2,1615,0002,아이뜨락,83.7600,201608,12,"21,000",6,-,-,2015,현청로 20,-,-,-
167,제주특별자치도 제주시 외도일동,543-9,0543,0009,남건휴먼스 8차,39.8900,201608,11,"11,359",5,-,-,2016,우정로16길 10,-,-,-
168,제주특별자치도 제주시 외도일동,543-9,0543,0009,남건휴먼스 8차,39.8900,201608,11,"11,080",4,-,-,2016,우정로16길 10,-,-,-
169,제주특별자치도 제주시 외도일동,543-9,0543,0009,남건휴먼스 8차,40.1100,201608,11,"11,639",6,-,-,2016,우정로16길 10,-,-,-
170,제주특별자치도 제주시 외도일동,543-9,0543,0009,남건휴먼스 8차,39.8900,201608,11,"11,639",6,-,-,2016,우정로16길 10,-,-,-
171,제주특별자치도 제주시 외도일동,543-9,0543,0009,남건휴먼스 8차,40.1100,201608,11,"11,359",5,-,-,2016,우정로16길 10,-,-,-
172,제주특별자치도 서귀포시 서귀동,251-1,0251,0001,선경오피스텔,54.0000,201608,10,"7,900",5,-,-,1992,중정로 123,-,-,-
173,제주특별자치도 제주시 연동,2324-5,2324,0005,제주현대오피스텔,33.6000,201608,10,"8,800",11,-,-,1990,도령로 87,-,-,-
174,제주특별자치도 제주시 노형동,722-2,0722,0002,메르헨하우스3,20.1400,201608,10,"8,000",5,-,-,2004,연북로 41,-,-,-
175,제주특별자치도 제주시 연동,1954-3,1954,0003,(1954-3),31.7800,201608,09,"14,434",5,-,-,2016,남녕로 34,-,-,-
176,제주특별자치도 제주시 연동,278,0278,0000,연동 풀하우스,21.7500,201608,09,"9,250",3,-,-,2011,연동8길 29,-,-,-
177,제주특별자치도 제주시 노형동,722-3,0722,0003,메르헨하우스2,20.1400,201608,08,"8,000",14,-,-,2004,연북로 45,-,-,-
178,제주특별자치도 제주시 노형동,722-3,0722,0003,메르헨하우스2,20.1400,201608,08,"8,000",14,-,-,2004,연북로 45,-,-,-
179,제주특별자치도 제주시 연동,278,0278,0000,연동 풀하우스,43.5000,201608,02,"14,500",6,-,-,2011,연동8길 29,-,-,-
180,제주특별자치도 제주시 연동,2324-5,2324,0005,제주현대오피스텔,46.2000,201608,02,"8,500",5,-,-,1990,도령로 87,-,-,-
181,제주특별자치도 제주시 연동,1487-2,1487,0002,일영파크빌,43.8400,201608,02,"12,100",4,-,-,2003,과원북4길 99,-,-,-
182,제주특별자치도 제주시 노형동,906-5,0906,0005,한신코아오피스텔,30.0000,201608,02,"4,000",2,-,-,1991,도령로 54,-,-,-
183,제주특별자치도 서귀포시 서귀동,163-11,0163,0011,남양오피스텔,38.2500,201607,30,"4,750",7,-,-,1994,태평로 438,-,-,-
184,제주특별자치도 제주시 노형동,722-2,0722,0002,메르헨하우스3,18.6600,201607,29,"7,800",6,-,-,2004,연북로 41,-,-,-
185,제주특별자치도 서귀포시 서귀동,163-11,0163,0011,남양오피스텔,26.9500,201607,29,"5,500",7,-,-,1994,태평로 438,-,-,-
186,제주특별자치도 서귀포시 서귀동,251-1,0251,0001,선경오피스텔,36.0000,201607,28,"4,800",5,-,-,1992,중정로 123,-,-,-
187,제주특별자치도 제주시 연동,304-19,0304,0019,월드룸,31.5000,201607,27,"8,600",2,-,-,2001,비월길 2,-,-,-
188,제주특별자치도 제주시 연동,278,0278,0000,연동 풀하우스,21.7500,201607,25,"9,700",5,-,-,2011,연동8길 29,-,-,-
189,제주특별자치도 제주시 연동,278,0278,0000,연동 풀하우스,21.7500,201607,25,"9,500",3,-,-,2011,연동8길 29,-,-,-
190,제주특별자치도 제주시 노형동,906-5,0906,0005,한신코아오피스텔,30.0000,201607,21,"8,000",8,-,-,1991,도령로 54,-,-,-
191,제주특별자치도 제주시 연동,2324-5,2324,0005,제주현대오피스텔,33.6000,201607,20,"8,500",3,-,-,1990,도령로 87,-,-,-
192,제주특별자치도 제주시 노형동,722-2,0722,0002,메르헨하우스3,20.1400,201607,19,"8,500",15,-,-,2004,연북로 41,-,-,-
193,제주특별자치도 제주시 노형동,722-3,0722,0003,메르헨하우스2,20.1400,201607,19,"6,800",2,-,-,2004,연북로 45,-,-,-
194,제주특별자치도 제주시 노형동,722-3,0722,0003,메르헨하우스2,20.1400,201607,17,"7,000",8,-,-,2004,연북로 45,-,-,-
195,제주특별자치도 제주시 노형동,722-2,0722,0002,메르헨하우스3,18.6600,201607,17,"7,000",6,-,-,2004,연북로 41,-,-,-
196,제주특별자치도 서귀포시 서귀동,163-11,0163,0011,남양오피스텔,41.0600,201607,14,"4,800",8,-,-,1994,태평로 438,-,-,-
197,제주특별자치도 제주시 노형동,905-3,0905,0003,(905-3),36.8550,201607,13,"6,800",12,-,-,1991,도령로 40,-,-,-
198,제주특별자치도 제주시 노형동,711-3,0711,0003,온정,71.4700,201607,12,"21,000",10,-,-,2012,연북로 14,-,-,-
199,제주특별자치도 제주시 노형동,906-5,0906,0005,한신코아오피스텔,30.0000,201607,12,"8,500",6,-,-,1991,도령로 54,-,-,-
200,제주특별자치도 서귀포시 서귀동,251-1,0251,0001,선경오피스텔,44.0000,201607,08,"4,000",11,-,-,1992,중정로 123,-,-,-
201,제주특별자치도 제주시 노형동,722-3,0722,0003,메르헨하우스2,20.1400,201607,07,"9,700",14,-,-,2004,연북로 45,-,-,-
202,제주특별자치도 제주시 삼도일동,530-5,0530,0005,제동 해피죤 오피스텔,29.7400,201607,06,"8,078",7,-,-,2004,서사로 94,-,-,-
203,제주특별자치도 제주시 삼도일동,530-5,0530,0005,제동 해피죤 오피스텔,29.7400,201607,06,"10,399",10,-,-,2004,서사로 94,-,-,-
204,제주특별자치도 제주시 삼도일동,530-5,0530,0005,제동 해피죤 오피스텔,29.7400,201607,06,"8,078",6,-,-,2004,서사로 94,-,-,-
205,제주특별자치도 제주시 노형동,711,0711,0000,에이스텔,30.5100,201606,30,"10,500",5,-,-,2003,연북로 8,-,-,-
206,제주특별자치도 제주시 연동,278,0278,0000,연동 풀하우스,21.7500,201606,30,"9,500",3,-,-,2011,연동8길 29,-,-,-
207,제주특별자치도 제주시 삼도일동,530-5,0530,0005,제동 해피죤 오피스텔,39.0400,201606,27,"9,500",7,-,-,2004,서사로 94,-,-,-
208,제주특별자치도 제주시 연동,278,0278,0000,연동 풀하우스,21.7500,201606,27,"9,000",2,-,-,2011,연동8길 29,-,-,-
209,제주특별자치도 서귀포시 서귀동,251-1,0251,0001,선경오피스텔,32.0000,201606,26,"2,945",7,-,-,1992,중정로 123,-,-,-
210,제주특별자치도 서귀포시 서귀동,251-1,0251,0001,선경오피스텔,35.0000,201606,26,"2,945",10,-,-,1992,중정로 123,-,-,-
211,제주특별자치도 서귀포시 서귀동,251-1,0251,0001,선경오피스텔,35.0000,201606,26,"2,945",8,-,-,1992,중정로 123,-,-,-
212,제주특별자치도 서귀포시 서귀동,251-1,0251,0001,선경오피스텔,48.0000,201606,26,"3,436",12,-,-,1992,중정로 123,-,-,-
213,제주특별자치도 서귀포시 서귀동,251-1,0251,0001,선경오피스텔,73.0500,201606,26,"3,927",8,-,-,1992,중정로 123,-,-,-
214,제주특별자치도 서귀포시 서귀동,251-1,0251,0001,선경오피스텔,44.0000,201606,26,"3,436",8,-,-,1992,중정로 123,-,-,-
215,제주특별자치도 서귀포시 서귀동,251-1,0251,0001,선경오피스텔,36.4000,201606,26,"2,945",7,-,-,1992,중정로 123,-,-,-
216,제주특별자치도 서귀포시 서귀동,272-34,0272,0034,남주 오피스텔,42.7100,201606,25,"4,450",6,-,-,1994,중정로91번길 13,-,-,-
217,제주특별자치도 서귀포시 서귀동,251-1,0251,0001,선경오피스텔,72.0000,201606,24,"9,000",8,-,-,1992,중정로 123,-,-,-
218,제주특별자치도 제주시 노형동,906-5,0906,0005,한신코아오피스텔,30.0000,201606,22,"7,400",4,-,-,1991,도령로 54,-,-,-
219,제주특별자치도 제주시 한림읍 수원리,763,0763,0000,갤럭시 한수풀랜드,84.8900,201606,22,"20,000",7,-,-,2016,한림로 785,-,-,-
220,제주특별자치도 서귀포시 서귀동,251-1,0251,0001,선경오피스텔,32.0000,201606,20,"4,500",8,-,-,1992,중정로 123,-,-,-
221,제주특별자치도 제주시 노형동,711-2,0711,0002,이레하이텔,35.2000,201606,20,"13,800",8,-,-,2003,연북로 12,-,-,-
222,제주특별자치도 제주시 삼도이동,14-3,0014,0003,로이빌,82.1400,201606,18,"24,700",5,-,-,2016, ,-,-,-
223,제주특별자치도 제주시 노형동,711-5,0711,0005,노형 이타스 2,81.7500,201606,16,"25,800",12,-,-,2015, ,-,-,-
224,제주특별자치도 서귀포시 동홍동,393-3,0393,0003,지예타워 V,81.8400,201606,16,"21,170",6,-,-,2015,태평로 483,-,-,-
225,제주특별자치도 제주시 노형동,906-5,0906,0005,한신코아오피스텔,38.5700,201606,13,"7,500",6,-,-,1991,도령로 54,-,-,-
226,제주특별자치도 제주시 노형동,722-2,0722,0002,메르헨하우스3,18.6600,201606,13,"8,000",12,-,-,2004,연북로 41,-,-,-
227,제주특별자치도 제주시 노형동,906-5,0906,0005,한신코아오피스텔,30.0000,201606,10,"7,500",9,-,-,1991,도령로 54,-,-,-
228,제주특별자치도 제주시 연동,303-46,0303,0046,태림 수앤수,73.4700,201606,10,"24,020",10,-,-,2015,문송길 40,-,-,-
229,제주특별자치도 서귀포시 표선면 표선리,845,0845,0000,해비치빌오피스텔,84.9800,201606,08,"21,000",4,-,-,2014,표선중앙로110번길 5,-,-,-
230,제주특별자치도 제주시 연동,1370-3,1370,0003,에코파인,84.2900,201606,07,"19,500",6,-,-,2015, ,-,-,-
231,제주특별자치도 제주시 연동,280-8,0280,0008,스테이280,74.4300,201606,07,"25,500",3,-,-,2015,신광로1길 18,-,-,-
232,제주특별자치도 서귀포시 서귀동,284-32,0284,0032,(284-32),25.8300,201606,04,"7,500",9,-,-,2005,일주동로 8671,-,-,-
233,제주특별자치도 제주시 외도일동,495-2,0495,0002,남건휴먼스 7차,59.9300,201606,03,"14,832",3,-,-,2016,우정로10길 8,-,-,-
234,제주특별자치도 제주시 외도일동,495-2,0495,0002,남건휴먼스 7차,59.9300,201606,03,"14,832",4,-,-,2016,우정로10길 8,-,-,-
235,제주특별자치도 제주시 외도일동,495-2,0495,0002,남건휴먼스 7차,59.9300,201606,02,"15,295",6,-,-,2016,우정로10길 8,-,-,-
236,제주특별자치도 제주시 노형동,906-5,0906,0005,한신코아오피스텔,30.0000,201606,02,"5,600",3,-,-,1991,도령로 54,-,-,-
237,제주특별자치도 제주시 외도일동,495-2,0495,0002,남건휴먼스 7차,59.9300,201606,01,"15,573",8,-,-,2016,우정로10길 8,-,-,-
238,제주특별자치도 제주시 연동,271-5,0271,0005,연동 이타스,84.9200,201605,30,"22,000",18,-,-,2013,신광로 19,-,-,-
239,제주특별자치도 제주시 노형동,906-5,0906,0005,한신코아오피스텔,64.0000,201605,30,"11,294",9,-,-,1991,도령로 54,-,-,-
240,제주특별자치도 제주시 외도일동,495-2,0495,0002,남건휴먼스 7차,44.2000,201605,26,"10,475",8,-,-,2016,우정로10길 8,-,-,-
241,제주특별자치도 서귀포시 중문동,2012-2,2012,0002,엘로이빌2,43.9100,201605,26,"12,100",3,-,-,2015,중문상로 56,-,-,-
242,제주특별자치도 제주시 외도일동,495-2,0495,0002,남건휴먼스 7차,59.9300,201605,26,"16,222",9,-,-,2016,우정로10길 8,-,-,-
243,제주특별자치도 제주시 연동,1487-2,1487,0002,일영파크빌,39.9200,201605,25,"11,000",5,-,-,2003,과원북4길 99,-,-,-
244,제주특별자치도 제주시 외도일동,495-2,0495,0002,남건휴먼스 7차,44.2000,201605,25,"10,197",7,-,-,2016,우정로10길 8,-,-,-
245,제주특별자치도 제주시 외도일동,495-2,0495,0002,남건휴먼스 7차,61.3600,201605,25,"15,295",6,-,-,2016,우정로10길 8,-,-,-
246,제주특별자치도 제주시 외도일동,495-2,0495,0002,남건휴먼스 7차,44.2000,201605,24,"11,300",9,-,-,2016,우정로10길 8,-,-,-
247,제주특별자치도 제주시 외도일동,495-2,0495,0002,남건휴먼스 7차,61.3600,201605,24,"16,037",10,-,-,2016,우정로10길 8,-,-,-
248,제주특별자치도 제주시 외도일동,495-2,0495,0002,남건휴먼스 7차,59.9300,201605,24,"16,037",10,-,-,2016,우정로10길 8,-,-,-
249,제주특별자치도 제주시 노형동,2576-3,2576,0003,정현빌,83.2000,201605,23,"20,315",5,-,-,2013,달마루길 28,-,-,-
250,제주특별자치도 제주시 노형동,905-3,0905,0003,(905-3),36.8550,201605,23,"5,900",10,-,-,1991,도령로 40,-,-,-
251,제주특별자치도 제주시 노형동,722-2,0722,0002,메르헨하우스3,18.6600,201605,20,"6,900",5,-,-,2004,연북로 41,-,-,-
252,제주특별자치도 제주시 노형동,2576-3,2576,0003,정현빌,83.2000,201605,20,"22,000",7,-,-,2013,달마루길 28,-,-,-
253,제주특별자치도 제주시 외도일동,495-2,0495,0002,남건휴먼스 7차,61.3600,201605,19,"15,500",4,-,-,2016,우정로10길 8,-,-,-
254,제주특별자치도 서귀포시 서귀동,272-34,0272,0034,남주 오피스텔,52.6200,201605,17,"4,000",8,-,-,1994,중정로91번길 13,-,-,-
255,제주특별자치도 서귀포시 서귀동,251-1,0251,0001,선경오피스텔,32.0000,201605,16,"3,200",7,-,-,1992,중정로 123,-,-,-
256,제주특별자치도 제주시 연동,278,0278,0000,연동 풀하우스,21.7500,201605,16,"9,500",3,-,-,2011,연동8길 29,-,-,-
257,제주특별자치도 제주시 연동,304-19,0304,0019,월드룸,31.5000,201605,16,"6,800",2,-,-,2001,비월길 2,-,-,-
258,제주특별자치도 제주시 연동,276-9,0276,0009,신제주오피스텔,18.9800,201605,15,"2,300",2,-,-,1991,신광로 103,-,-,-
259,제주특별자치도 제주시 연동,1373-1,1373,0001,아일랜드마이빌,27.3800,201605,11,"10,650",2,-,-,2004,신대로22길 25,-,-,-
260,제주특별자치도 제주시 노형동,722-2,0722,0002,메르헨하우스3,20.1400,201605,10,"7,900",13,-,-,2004,연북로 41,-,-,-
261,제주특별자치도 서귀포시 서귀동,544-2,0544,0002,디 아일랜드 블루 호텔,56.9300,201605,10,"28,800",11,-,-,2013,태평로431번길 7,-,-,-
262,제주특별자치도 서귀포시 서귀동,544-2,0544,0002,디 아일랜드 블루 호텔,56.9300,201605,10,"28,800",11,-,-,2013,태평로431번길 7,-,-,-
263,제주특별자치도 서귀포시 서귀동,544-2,0544,0002,디 아일랜드 블루 호텔,51.2700,201605,10,"23,200",6,-,-,2013,태평로431번길 7,-,-,-
264,제주특별자치도 서귀포시 서귀동,544-2,0544,0002,디 아일랜드 블루 호텔,51.2700,201605,10,"23,000",5,-,-,2013,태평로431번길 7,-,-,-
265,제주특별자치도 서귀포시 서귀동,544-2,0544,0002,디 아일랜드 블루 호텔,57.2200,201605,10,"26,600",6,-,-,2013,태평로431번길 7,-,-,-
266,제주특별자치도 서귀포시 서귀동,544-2,0544,0002,디 아일랜드 블루 호텔,63.7300,201605,10,"31,000",5,-,-,2013,태평로431번길 7,-,-,-
267,제주특별자치도 서귀포시 서귀동,544-2,0544,0002,디 아일랜드 블루 호텔,57.2200,201605,10,"26,600",6,-,-,2013,태평로431번길 7,-,-,-
268,제주특별자치도 서귀포시 서귀동,544-2,0544,0002,디 아일랜드 블루 호텔,55.5200,201605,10,"27,500",10,-,-,2013,태평로431번길 7,-,-,-
269,제주특별자치도 서귀포시 서귀동,544-2,0544,0002,디 아일랜드 블루 호텔,24.5000,201605,10,"11,700",2,-,-,2013,태평로431번길 7,-,-,-
270,제주특별자치도 서귀포시 서귀동,544-2,0544,0002,디 아일랜드 블루 호텔,56.9300,201605,10,"27,000",8,-,-,2013,태평로431번길 7,-,-,-
271,제주특별자치도 서귀포시 서귀동,544-2,0544,0002,디 아일랜드 블루 호텔,56.9300,201605,10,"27,000",8,-,-,2013,태평로431번길 7,-,-,-
272,제주특별자치도 서귀포시 서귀동,544-2,0544,0002,디 아일랜드 블루 호텔,45.7200,201605,10,"23,200",8,-,-,2013,태평로431번길 7,-,-,-
273,제주특별자치도 서귀포시 서귀동,544-2,0544,0002,디 아일랜드 블루 호텔,51.2700,201605,10,"23,400",7,-,-,2013,태평로431번길 7,-,-,-
274,제주특별자치도 서귀포시 서귀동,544-2,0544,0002,디 아일랜드 블루 호텔,55.5200,201605,10,"26,800",7,-,-,2013,태평로431번길 7,-,-,-
275,제주특별자치도 서귀포시 서귀동,544-2,0544,0002,디 아일랜드 블루 호텔,56.9300,201605,10,"26,400",5,-,-,2013,태평로431번길 7,-,-,-
276,제주특별자치도 서귀포시 서귀동,544-2,0544,0002,디 아일랜드 블루 호텔,55.5200,201605,10,"28,600",10,-,-,2013,태평로431번길 7,-,-,-
277,제주특별자치도 서귀포시 서귀동,544-2,0544,0002,디 아일랜드 블루 호텔,57.2200,201605,10,"28,400",9,-,-,2013,태평로431번길 7,-,-,-
278,제주특별자치도 서귀포시 서귀동,544-2,0544,0002,디 아일랜드 블루 호텔,55.5200,201605,10,"28,600",10,-,-,2013,태평로431번길 7,-,-,-
279,제주특별자치도 서귀포시 서귀동,544-2,0544,0002,디 아일랜드 블루 호텔,57.2200,201605,10,"27,500",9,-,-,2013,태평로431번길 7,-,-,-
280,제주특별자치도 서귀포시 서귀동,544-2,0544,0002,디 아일랜드 블루 호텔,57.2200,201605,10,"27,500",9,-,-,2013,태평로431번길 7,-,-,-
281,제주특별자치도 서귀포시 서귀동,544-2,0544,0002,디 아일랜드 블루 호텔,47.4700,201605,10,"22,500",2,-,-,2013,태평로431번길 7,-,-,-
282,제주특별자치도 서귀포시 서귀동,544-2,0544,0002,디 아일랜드 블루 호텔,55.5200,201605,10,"26,800",7,-,-,2013,태평로431번길 7,-,-,-
283,제주특별자치도 서귀포시 서귀동,544-2,0544,0002,디 아일랜드 블루 호텔,44.7800,201605,10,"22,400",7,-,-,2013,태평로431번길 7,-,-,-
284,제주특별자치도 서귀포시 서귀동,544-2,0544,0002,디 아일랜드 블루 호텔,44.7800,201605,10,"22,400",7,-,-,2013,태평로431번길 7,-,-,-
285,제주특별자치도 제주시 노형동,906-5,0906,0005,한신코아오피스텔,30.0000,201605,10,"7,400",9,-,-,1991,도령로 54,-,-,-
286,제주특별자치도 제주시 노형동,722-2,0722,0002,메르헨하우스3,20.1400,201605,10,"7,000",14,-,-,2004,연북로 41,-,-,-
287,제주특별자치도 서귀포시 서귀동,544-2,0544,0002,디 아일랜드 블루 호텔,69.2000,201605,10,"31,500",2,-,-,2013,태평로431번길 7,-,-,-
288,제주특별자치도 서귀포시 서귀동,544-2,0544,0002,디 아일랜드 블루 호텔,26.2400,201605,10,"12,100",2,-,-,2013,태평로431번길 7,-,-,-
289,제주특별자치도 서귀포시 서귀동,544-2,0544,0002,디 아일랜드 블루 호텔,26.2400,201605,10,"12,100",2,-,-,2013,태평로431번길 7,-,-,-
290,제주특별자치도 서귀포시 서귀동,544-2,0544,0002,디 아일랜드 블루 호텔,52.5100,201605,10,"24,000",2,-,-,2013,태평로431번길 7,-,-,-
291,제주특별자치도 서귀포시 서귀동,163-11,0163,0011,남양오피스텔,25.0250,201605,09,"4,000",7,-,-,1994,태평로 438,-,-,-
292,제주특별자치도 서귀포시 중문동,2012-2,2012,0002,엘로이빌2,61.9400,201605,02,"14,000",5,-,-,2015,중문상로 56,-,-,-
293,제주특별자치도 제주시 연동,306-12,0306,0012,진호 케스텔,37.9750,201605,01,"8,000",9,-,-,2003,사장길 37,-,-,-
294,제주특별자치도 제주시 노형동,906-5,0906,0005,한신코아오피스텔,30.0000,201605,01,"7,000",11,-,-,1991,도령로 54,-,-,-
295,제주특별자치도 제주시 연동,2324-5,2324,0005,제주현대오피스텔,33.6000,201605,01,"7,700",11,-,-,1990,도령로 87,-,-,-
296,제주특별자치도 제주시 연동,278,0278,0000,연동 풀하우스,21.7500,201605,01,"12,300",9,-,-,2011,연동8길 29,-,-,-
297,제주특별자치도 제주시 연동,278,0278,0000,연동 풀하우스,43.5000,201604,30,"15,432",8,-,-,2011,연동8길 29,-,-,-
298,제주특별자치도 제주시 연동,278,0278,0000,연동 풀하우스,31.3400,201604,30,"14,693",7,-,-,2011,연동8길 29,-,-,-
299,제주특별자치도 제주시 연동,278,0278,0000,연동 풀하우스,43.5000,201604,30,"15,063",6,-,-,2011,연동8길 29,-,-,-
300,제주특별자치도 제주시 연동,278,0278,0000,연동 풀하우스,43.5000,201604,30,"14,878",5,-,-,2011,연동8길 29,-,-,-
301,제주특별자치도 제주시 연동,278,0278,0000,연동 풀하우스,43.5000,201604,30,"14,693",4,-,-,2011,연동8길 29,-,-,-
302,제주특별자치도 제주시 연동,278,0278,0000,연동 풀하우스,43.5000,201604,30,"14,508",3,-,-,2011,연동8길 29,-,-,-
303,제주특별자치도 제주시 노형동,711,0711,0000,에이스텔,35.9100,201604,30,"11,800",6,-,-,2003,연북로 8,-,-,-
304,제주특별자치도 제주시 연동,278,0278,0000,연동 풀하우스,43.5000,201604,30,"14,231",2,-,-,2011,연동8길 29,-,-,-
305,제주특별자치도 제주시 연동,278,0278,0000,연동 풀하우스,43.5000,201604,30,"14,231",2,-,-,2011,연동8길 29,-,-,-
306,제주특별자치도 제주시 연동,278,0278,0000,연동 풀하우스,43.5000,201604,30,"15,617",9,-,-,2011,연동8길 29,-,-,-
307,제주특별자치도 제주시 연동,278,0278,0000,연동 풀하우스,43.5000,201604,30,"14,508",3,-,-,2011,연동8길 29,-,-,-
308,제주특별자치도 제주시 외도일동,505-8,0505,0008,남건휴먼스2차,84.7700,201604,29,"14,471",8,-,-,2015, ,-,-,-
309,제주특별자치도 제주시 조천읍 함덕리,1464,1464,0000,서우타운5차,97.3100,201604,28,"18,000",2,-,-,2016,함덕서4길 27,-,-,-
310,제주특별자치도 서귀포시 서귀동,251-1,0251,0001,선경오피스텔,36.0000,201604,27,"4,000",9,-,-,1992,중정로 123,-,-,-
311,제주특별자치도 제주시 노형동,722-3,0722,0003,메르헨하우스2,20.1400,201604,26,"8,300",11,-,-,2004,연북로 45,-,-,-
312,제주특별자치도 제주시 연동,304-19,0304,0019,월드룸,31.5000,201604,25,"7,500",7,-,-,2001,비월길 2,-,-,-
313,제주특별자치도 서귀포시 중문동,2012-2,2012,0002,엘로이빌2,61.9400,201604,25,"14,000",1,-,-,2015,중문상로 56,-,-,-
314,제주특별자치도 제주시 연동,278,0278,0000,연동 풀하우스,21.7500,201604,25,"9,500",3,-,-,2011,연동8길 29,-,-,-
315,제주특별자치도 제주시 연동,278,0278,0000,연동 풀하우스,21.7500,201604,25,"9,500",3,-,-,2011,연동8길 29,-,-,-
316,제주특별자치도 제주시 연동,278,0278,0000,연동 풀하우스,43.5000,201604,25,"15,600",5,-,-,2011,연동8길 29,-,-,-
317,제주특별자치도 제주시 연동,271-5,0271,0005,연동 이타스,84.9200,201604,25,"30,000",10,-,-,2013,신광로 19,-,-,-
318,제주특별자치도 제주시 노형동,906-5,0906,0005,한신코아오피스텔,30.0000,201604,22,"5,800",3,-,-,1991,도령로 54,-,-,-
319,제주특별자치도 제주시 노형동,711-2,0711,0002,이레하이텔,37.0000,201604,20,"12,000",1,-,-,2003,연북로 12,-,-,-
320,제주특별자치도 제주시 연동,2324-5,2324,0005,제주현대오피스텔,33.6000,201604,20,"7,500",6,-,-,1990,도령로 87,-,-,-
321,제주특별자치도 제주시 삼도이동,300-1,0300,0001,진용이지빌,84.9500,201604,19,"20,102",6,-,-,2015, ,-,-,-
322,제주특별자치도 제주시 노형동,722-3,0722,0003,메르헨하우스2,20.1400,201604,18,"6,800",2,-,-,2004,연북로 45,-,-,-
323,제주특별자치도 서귀포시 서귀동,163-11,0163,0011,남양오피스텔,26.9500,201604,18,"2,000",9,-,-,1994,태평로 438,-,-,-
324,제주특별자치도 제주시 연동,303-46,0303,0046,태림 수앤수,62.4000,201604,18,"17,550",2,-,-,2015,문송길 40,-,-,-
325,제주특별자치도 제주시 연동,278,0278,0000,연동 풀하우스,21.7500,201604,14,"9,300",2,-,-,2011,연동8길 29,-,-,-
326,제주특별자치도 서귀포시 동홍동,393-3,0393,0003,지예타워 V,84.6800,201604,12,"20,230",3,-,-,2015,태평로 483,-,-,-
327,제주특별자치도 제주시 연동,2324-5,2324,0005,제주현대오피스텔,33.6000,201604,12,"8,500",12,-,-,1990,도령로 87,-,-,-
328,제주특별자치도 제주시 외도일동,445-2,0445,0002,남건휴먼스4차,44.5700,201604,12,"6,426",4,-,-,2015, ,-,-,-
329,제주특별자치도 제주시 연동,278,0278,0000,연동 풀하우스,21.7500,201604,11,"9,300",2,-,-,2011,연동8길 29,-,-,-
330,제주특별자치도 제주시 노형동,722-3,0722,0003,메르헨하우스2,20.1400,201604,09,"8,500",10,-,-,2004,연북로 45,-,-,-
331,제주특별자치도 서귀포시 서귀동,272-34,0272,0034,남주 오피스텔,31.9600,201604,07,"3,500",7,-,-,1994,중정로91번길 13,-,-,-
332,제주특별자치도 제주시 연동,283-23,0283,0023,블루시티,31.2300,201604,06,"8,000",13,-,-,2006,은남4길 27,-,-,-
333,제주특별자치도 제주시 노형동,906-5,0906,0005,한신코아오피스텔,42.3100,201604,05,"10,000",7,-,-,1991,도령로 54,-,-,-
334,제주특별자치도 제주시 노형동,711-2,0711,0002,이레하이텔,35.2000,201604,04,"12,150",9,-,-,2003,연북로 12,-,-,-
335,제주특별자치도 제주시 연동,278,0278,0000,연동 풀하우스,21.7500,201604,04,"9,400",3,-,-,2011,연동8길 29,-,-,-
336,제주특별자치도 제주시 연동,1373-1,1373,0001,아일랜드마이빌,25.2100,201604,03,"11,700",2,-,-,2004,신대로22길 25,-,-,-
337,제주특별자치도 제주시 연동,278,0278,0000,연동 풀하우스,21.7500,201604,01,"9,300",2,-,-,2011,연동8길 29,-,-,-
338,제주특별자치도 제주시 연동,280-8,0280,0008,스테이280,74.4300,201604,01,"25,500",2,-,-,2015,신광로1길 18,-,-,-
339,제주특별자치도 제주시 조천읍 함덕리,1464-1,1464,0001,서우타운5차,83.7700,201604,01,"16,150",2,-,-,2016, ,-,-,-
340,제주특별자치도 제주시 노형동,722-3,0722,0003,메르헨하우스2,20.1400,201604,01,"8,000",13,-,-,2004,연북로 45,-,-,-
341,제주특별자치도 제주시 연동,294-111,0294,0111,서진팰리스,22.8200,201604,01,"7,000",9,-,-,2003,노연로 130,-,-,-
342,제주특별자치도 서귀포시 서홍동,1615-2,1615,0002,아이뜨락,83.7600,201603,31,"21,500",7,-,-,2015,현청로 20,-,-,-
343,제주특별자치도 제주시 한림읍 수원리,763,0763,0000,갤럭시 한수풀랜드,84.6000,201603,31,"18,200",7,-,-,2016,한림로 785,-,-,-
344,제주특별자치도 서귀포시 중문동,2012-2,2012,0002,엘로이빌2,61.9400,201603,31,"16,100",2,-,-,2015,중문상로 56,-,-,-
345,제주특별자치도 서귀포시 중문동,2012-2,2012,0002,엘로이빌2,43.9100,201603,30,"12,900",7,-,-,2015,중문상로 56,-,-,-
346,제주특별자치도 제주시 도련일동,1938-5,1938,0005,제주 아빌로스,35.1000,201603,29,"17,281",7,-,-,2014,건주로4길 6-4,-,-,-
347,제주특별자치도 제주시 한림읍 수원리,763,0763,0000,갤럭시 한수풀랜드,84.8900,201603,29,"18,000",4,-,-,2016,한림로 785,-,-,-
348,제주특별자치도 제주시 노형동,722-3,0722,0003,메르헨하우스2,20.1400,201603,28,"7,700",7,-,-,2004,연북로 45,-,-,-
349,제주특별자치도 서귀포시 동홍동,393-3,0393,0003,지예타워 V,83.0700,201603,28,"21,000",2,-,-,2015,태평로 483,-,-,-
350,제주특별자치도 제주시 연동,278,0278,0000,연동 풀하우스,21.7500,201603,28,"9,100",7,-,-,2011,연동8길 29,-,-,-
351,제주특별자치도 제주시 노형동,711-2,0711,0002,이레하이텔,36.3200,201603,25,"10,000",13,-,-,2003,연북로 12,-,-,-
352,제주특별자치도 제주시 삼도이동,14-3,0014,0003,로이빌,82.1400,201603,25,"26,200",10,-,-,2016, ,-,-,-
353,제주특별자치도 제주시 삼도이동,300-1,0300,0001,진용이지빌,84.7100,201603,25,"20,000",2,-,-,2015, ,-,-,-
354,제주특별자치도 제주시 조천읍 함덕리,1464-1,1464,0001,서우타운5차,83.7700,201603,25,"16,800",3,-,-,2016, ,-,-,-
355,제주특별자치도 제주시 연동,278,0278,0000,연동 풀하우스,21.7500,201603,25,"12,100",10,-,-,2011,연동8길 29,-,-,-
356,제주특별자치도 제주시 연동,278,0278,0000,연동 풀하우스,21.7500,201603,25,"12,400",11,-,-,2011,연동8길 29,-,-,-
357,제주특별자치도 제주시 노형동,1294-4,1294,0004,노형 에코하임,84.9000,201603,24,"20,000",16,-,-,2012,도령로 37,-,-,-
358,제주특별자치도 제주시 연동,303-46,0303,0046,태림 수앤수,58.6800,201603,24,"17,700",2,-,-,2015,문송길 40,-,-,-
359,제주특별자치도 제주시 조천읍 함덕리,1464,1464,0000,서우타운5차,89.8800,201603,24,"17,850",3,-,-,2016,함덕서4길 27,-,-,-
360,제주특별자치도 제주시 조천읍 함덕리,1464,1464,0000,서우타운5차,97.3100,201603,23,"18,500",3,-,-,2016,함덕서4길 27,-,-,-
361,제주특별자치도 제주시 조천읍 함덕리,1464-1,1464,0001,서우타운5차,93.5300,201603,23,"17,500",2,-,-,2016, ,-,-,-
362,제주특별자치도 제주시 연동,278,0278,0000,연동 풀하우스,15.6700,201603,23,"8,600",7,-,-,2011,연동8길 29,-,-,-
363,제주특별자치도 서귀포시 서귀동,251-1,0251,0001,선경오피스텔,42.4000,201603,22,"4,500",6,-,-,1992,중정로 123,-,-,-
364,제주특별자치도 서귀포시 서귀동,163-11,0163,0011,남양오피스텔,38.2500,201603,22,"4,000",4,-,-,1994,태평로 438,-,-,-
365,제주특별자치도 서귀포시 서귀동,251-1,0251,0001,선경오피스텔,36.0000,201603,22,"3,500",8,-,-,1992,중정로 123,-,-,-
366,제주특별자치도 제주시 노형동,722-3,0722,0003,메르헨하우스2,20.1400,201603,21,"6,000",3,-,-,2004,연북로 45,-,-,-
367,제주특별자치도 서귀포시 동홍동,393-3,0393,0003,지예타워 V,84.6800,201603,21,"21,000",2,-,-,2015,태평로 483,-,-,-
368,제주특별자치도 제주시 연동,272-33,0272,0033,로얄쇼핑센타및오피스텔,29.1600,201603,20,"4,800",6,-,-,1992,신대로12길 51,-,-,-
369,제주특별자치도 제주시 삼도이동,14-3,0014,0003,로이빌,82.1400,201603,20,"25,900",9,-,-,2016, ,-,-,-
370,제주특별자치도 제주시 삼도이동,14-3,0014,0003,로이빌,82.1400,201603,20,"24,700",5,-,-,2016, ,-,-,-
371,제주특별자치도 제주시 연동,272-33,0272,0033,로얄쇼핑센타및오피스텔,34.9600,201603,19,"3,850",5,-,-,1992,신대로12길 51,-,-,-
372,제주특별자치도 제주시 연동,303-46,0303,0046,태림 수앤수,58.6800,201603,17,"16,500",2,-,-,2015,문송길 40,-,-,-
373,제주특별자치도 제주시 노형동,711-2,0711,0002,이레하이텔,35.2000,201603,17,"9,000",4,-,-,2003,연북로 12,-,-,-
374,제주특별자치도 제주시 노형동,905-3,0905,0003,(905-3),36.8550,201603,17,"4,000",3,-,-,1991,도령로 40,-,-,-
375,제주특별자치도 제주시 노형동,722-3,0722,0003,메르헨하우스2,20.1400,201603,16,"6,200",15,-,-,2004,연북로 45,-,-,-
376,제주특별자치도 제주시 연동,272-33,0272,0033,로얄쇼핑센타및오피스텔,29.1600,201603,15,"5,200",5,-,-,1992,신대로12길 51,-,-,-
377,제주특별자치도 제주시 외도일동,505-4,0505,0004,한탑주상복합,40.2600,201603,15,"5,000",6,-,-,2008,우령2길 3-3,-,-,-
378,제주특별자치도 서귀포시 서귀동,251-1,0251,0001,선경오피스텔,36.0000,201603,15,"2,800",8,-,-,1992,중정로 123,-,-,-
379,제주특별자치도 제주시 연동,278,0278,0000,연동 풀하우스,21.7500,201603,14,"9,900",9,-,-,2011,연동8길 29,-,-,-
380,제주특별자치도 제주시 연동,272-33,0272,0033,로얄쇼핑센타및오피스텔,19.3000,201603,14,"2,400",5,-,-,1992,신대로12길 51,-,-,-
381,제주특별자치도 제주시 조천읍 함덕리,1464-1,1464,0001,서우타운5차,93.5300,201603,14,"17,850",3,-,-,2016, ,-,-,-
382,제주특별자치도 서귀포시 동홍동,393-3,0393,0003,지예타워 V,83.0700,201603,14,"19,759",4,-,-,2015,태평로 483,-,-,-
383,제주특별자치도 제주시 노형동,709,0709,0000,에코트윈,84.8900,201603,11,"36,500",8,-,-,2013,1100로 3308,-,-,-
384,제주특별자치도 제주시 외도일동,505-4,0505,0004,한탑주상복합,56.4900,201603,11,"9,500",11,-,-,2008,우령2길 3-3,-,-,-
385,제주특별자치도 제주시 연동,272-33,0272,0033,로얄쇼핑센타및오피스텔,49.3200,201603,10,"8,000",5,-,-,1992,신대로12길 51,-,-,-
386,제주특별자치도 제주시 삼도이동,14-3,0014,0003,로이빌,74.4400,201603,10,"22,700",6,-,-,2016, ,-,-,-
387,제주특별자치도 제주시 삼도이동,14-3,0014,0003,로이빌,74.4400,201603,10,"21,800",3,-,-,2016, ,-,-,-
388,제주특별자치도 제주시 삼도이동,14-3,0014,0003,로이빌,82.1400,201603,10,"25,900",9,-,-,2016, ,-,-,-
389,제주특별자치도 제주시 연동,278,0278,0000,연동 풀하우스,21.7500,201603,09,"9,000",1,-,-,2011,연동8길 29,-,-,-
390,제주특별자치도 서귀포시 표선면 표선리,845,0845,0000,해비치빌오피스텔,80.2100,201603,09,"18,600",3,-,-,2014,표선중앙로110번길 5,-,-,-
391,제주특별자치도 제주시 노형동,905-3,0905,0003,(905-3),36.8550,201603,09,"6,500",4,-,-,1991,도령로 40,-,-,-
392,제주특별자치도 제주시 노형동,906-5,0906,0005,한신코아오피스텔,30.0000,201603,09,"6,500",11,-,-,1991,도령로 54,-,-,-
393,제주특별자치도 서귀포시 표선면 표선리,845,0845,0000,해비치빌오피스텔,76.0600,201603,07,"20,000",6,-,-,2014,표선중앙로110번길 5,-,-,-
394,제주특별자치도 제주시 노형동,711-3,0711,0003,온정,71.4700,201603,05,"20,000",10,-,-,2012,연북로 14,-,-,-
395,제주특별자치도 서귀포시 동홍동,393-3,0393,0003,지예타워 V,83.0700,201603,04,"22,000",5,-,-,2015,태평로 483,-,-,-
396,제주특별자치도 제주시 노형동,722-2,0722,0002,메르헨하우스3,20.1400,201603,02,"8,350",11,-,-,2004,연북로 41,-,-,-
397,제주특별자치도 제주시 삼도이동,300-1,0300,0001,진용이지빌,84.6600,201603,02,"18,005",3,-,-,2015, ,-,-,-
398,제주특별자치도 제주시 노형동,722-2,0722,0002,메르헨하우스3,20.1400,201603,01,"7,000",2,-,-,2004,연북로 41,-,-,-
399,제주특별자치도 제주시 연동,304-19,0304,0019,월드룸,31.5000,201602,29,"8,000",7,-,-,2001,비월길 2,-,-,-
400,제주특별자치도 제주시 이도일동,1245-5,1245,0005,아이린아파트 4차,81.2200,201602,29,"18,550",2,-,-,2015, ,-,-,-
401,제주특별자치도 제주시 이도일동,1245-5,1245,0005,아이린아파트 4차,83.2300,201602,27,"20,406",2,-,-,2015, ,-,-,-
402,제주특별자치도 제주시 노형동,722-2,0722,0002,메르헨하우스3,20.1400,201602,26,"8,500",11,-,-,2004,연북로 41,-,-,-
403,제주특별자치도 제주시 노형동,722-2,0722,0002,메르헨하우스3,20.1400,201602,25,"9,410",3,-,-,2004,연북로 41,-,-,-
404,제주특별자치도 제주시 노형동,711-2,0711,0002,이레하이텔,37.0000,201602,25,"11,000",3,-,-,2003,연북로 12,-,-,-
405,제주특별자치도 서귀포시 서귀동,251-1,0251,0001,선경오피스텔,72.0000,201602,25,"6,000",11,-,-,1992,중정로 123,-,-,-
406,제주특별자치도 제주시 한림읍 수원리,763,0763,0000,갤럭시 한수풀랜드,84.6000,201602,24,"18,000",2,-,-,2016,한림로 785,-,-,-
407,제주특별자치도 제주시 조천읍 함덕리,1464,1464,0000,서우타운5차,89.8800,201602,23,"17,500",2,-,-,2016,함덕서4길 27,-,-,-
408,제주특별자치도 제주시 노형동,722-3,0722,0003,메르헨하우스2,20.1400,201602,22,"5,300",4,-,-,2004,연북로 45,-,-,-
409,제주특별자치도 제주시 노형동,722-2,0722,0002,메르헨하우스3,20.1400,201602,22,"5,000",12,-,-,2004,연북로 41,-,-,-
410,제주특별자치도 제주시 연동,304-19,0304,0019,월드룸,31.5000,201602,22,"9,000",10,-,-,2001,비월길 2,-,-,-
411,제주특별자치도 제주시 삼도이동,300-1,0300,0001,진용이지빌,84.7100,201602,19,"17,980",3,-,-,2015, ,-,-,-
412,제주특별자치도 제주시 노형동,722-2,0722,0002,메르헨하우스3,18.6600,201602,18,"7,000",4,-,-,2004,연북로 41,-,-,-
413,제주특별자치도 제주시 연동,280-8,0280,0008,스테이280,73.8700,201602,18,"22,562",2,-,-,2015,신광로1길 18,-,-,-
414,제주특별자치도 제주시 노형동,1294-4,1294,0004,노형 에코하임,84.9000,201602,18,"26,500",12,-,-,2012,도령로 37,-,-,-
415,제주특별자치도 제주시 노형동,719-2,0719,0002,아델리안,84.3400,201602,18,"29,000",6,-,-,2015, ,-,-,-
416,제주특별자치도 제주시 노형동,722-3,0722,0003,메르헨하우스2,20.1400,201602,18,"8,800",14,-,-,2004,연북로 45,-,-,-
417,제주특별자치도 제주시 노형동,722-3,0722,0003,메르헨하우스2,20.1400,201602,17,"8,900",10,-,-,2004,연북로 45,-,-,-
418,제주특별자치도 제주시 연동,278,0278,0000,연동 풀하우스,21.7500,201602,16,"10,000",7,-,-,2011,연동8길 29,-,-,-
419,제주특별자치도 제주시 연동,2324-5,2324,0005,제주현대오피스텔,46.2000,201602,16,"10,770",2,-,-,1990,도령로 87,-,-,-
420,제주특별자치도 제주시 연동,278,0278,0000,연동 풀하우스,21.7500,201602,16,"10,000",7,-,-,2011,연동8길 29,-,-,-
421,제주특별자치도 제주시 연동,278,0278,0000,연동 풀하우스,21.7500,201602,16,"10,000",7,-,-,2011,연동8길 29,-,-,-
422,제주특별자치도 제주시 노형동,709,0709,0000,에코트윈,84.9400,201602,16,"37,500",13,-,-,2013,1100로 3308,-,-,-
423,제주특별자치도 제주시 연동,278,0278,0000,연동 풀하우스,21.7500,201602,16,"10,000",11,-,-,2011,연동8길 29,-,-,-
424,제주특별자치도 제주시 아라일동,6092-11,6092,0011,(6092-11),84.6300,201602,16,"29,160",6,-,-,2016, ,-,-,-
425,제주특별자치도 제주시 연동,1373-1,1373,0001,아일랜드마이빌,27.3800,201602,15,"10,500",2,-,-,2004,신대로22길 25,-,-,-
426,제주특별자치도 제주시 노형동,2576-3,2576,0003,정현빌,84.0100,201602,15,"25,855",9,-,-,2013,달마루길 28,-,-,-
427,제주특별자치도 제주시 연동,278,0278,0000,연동 풀하우스,21.7500,201602,13,"10,000",10,-,-,2011,연동8길 29,-,-,-
428,제주특별자치도 서귀포시 서귀동,163-11,0163,0011,남양오피스텔,25.0250,201602,12,"2,000",6,-,-,1994,태평로 438,-,-,-
429,제주특별자치도 서귀포시 법환동,1196-1,1196,0001,루체클래식,84.0600,201602,11,"23,700",5,-,-,2015, ,-,-,-
430,제주특별자치도 서귀포시 법환동,1196-1,1196,0001,루체클래식,84.0600,201602,11,"23,000",5,-,-,2015, ,-,-,-
431,제주특별자치도 제주시 삼도일동,532-13,0532,0013,화인퍼스트빌아파트,108.5000,201602,05,"28,500",2,-,-,2013,서사로 112,-,-,-
432,제주특별자치도 제주시 연동,280-8,0280,0008,스테이280,74.4300,201602,04,"23,449",2,-,-,2015,신광로1길 18,-,-,-
433,제주특별자치도 제주시 노형동,711,0711,0000,에이스텔,34.7900,201602,04,"11,500",8,-,-,2003,연북로 8,-,-,-
434,제주특별자치도 서귀포시 서귀동,251-1,0251,0001,선경오피스텔,32.0000,201602,04,"3,500",8,-,-,1992,중정로 123,-,-,-
435,제주특별자치도 서귀포시 표선면 표선리,845,0845,0000,해비치빌오피스텔,84.9800,201602,04,"17,000",6,-,-,2014,표선중앙로110번길 5,-,-,-
436,제주특별자치도 제주시 연동,278,0278,0000,연동 풀하우스,21.7500,201602,03,"9,600",5,-,-,2011,연동8길 29,-,-,-
437,제주특별자치도 제주시 연동,280-8,0280,0008,스테이280,74.4300,201602,02,"23,449",5,-,-,2015,신광로1길 18,-,-,-
438,제주특별자치도 제주시 노형동,906-5,0906,0005,한신코아오피스텔,30.0000,201601,29,"8,500",7,-,-,1991,도령로 54,-,-,-
439,제주특별자치도 제주시 노형동,709,0709,0000,에코트윈,84.3700,201601,28,"33,000",9,-,-,2013,1100로 3308,-,-,-
440,제주특별자치도 서귀포시 서귀동,163-11,0163,0011,남양오피스텔,25.0250,201601,27,"5,000",7,-,-,1994,태평로 438,-,-,-
441,제주특별자치도 제주시 노형동,722-2,0722,0002,메르헨하우스3,40.2800,201601,26,"13,500",9,-,-,2004,연북로 41,-,-,-
442,제주특별자치도 제주시 연동,278,0278,0000,연동 풀하우스,21.7500,201601,26,"9,500",6,-,-,2011,연동8길 29,-,-,-
443,제주특별자치도 서귀포시 중문동,2012-2,2012,0002,엘로이빌2,43.9100,201601,25,"11,400",5,-,-,2015,중문상로 56,-,-,-
444,제주특별자치도 제주시 노형동,722-3,0722,0003,메르헨하우스2,40.2800,201601,24,"13,800",15,-,-,2004,연북로 45,-,-,-
445,제주특별자치도 제주시 연동,278,0278,0000,연동 풀하우스,21.7500,201601,21,"10,000",7,-,-,2011,연동8길 29,-,-,-
446,제주특별자치도 제주시 연동,271-5,0271,0005,연동 이타스,84.7600,201601,19,"19,170",13,-,-,2013,신광로 19,-,-,-
447,제주특별자치도 서귀포시 서귀동,544-2,0544,0002,디 아일랜드 블루 호텔,62.6500,201601,19,"32,540",10,-,-,2013,태평로431번길 7,-,-,-
448,제주특별자치도 제주시 연동,278,0278,0000,연동 풀하우스,21.7500,201601,15,"10,000",8,-,-,2011,연동8길 29,-,-,-
449,제주특별자치도 제주시 연동,278,0278,0000,연동 풀하우스,21.7500,201601,15,"10,000",8,-,-,2011,연동8길 29,-,-,-
450,제주특별자치도 제주시 연동,278,0278,0000,연동 풀하우스,43.5000,201601,15,"16,500",11,-,-,2011,연동8길 29,-,-,-
451,제주특별자치도 서귀포시 서귀동,251-1,0251,0001,선경오피스텔,73.0500,201601,14,"11,300",12,-,-,1992,중정로 123,-,-,-
452,제주특별자치도 제주시 노형동,905-3,0905,0003,(905-3),36.8550,201601,14,"7,000",7,-,-,1991,도령로 40,-,-,-
453,제주특별자치도 제주시 노형동,709,0709,0000,에코트윈,84.8900,201601,13,"37,000",4,-,-,2013,1100로 3308,-,-,-
454,제주특별자치도 서귀포시 중문동,2364,2364,0000,상지타운,31.7100,201601,12,"10,000",1,-,-,2013,천제연로178번길 39,-,-,-
455,제주특별자치도 제주시 노형동,906-5,0906,0005,한신코아오피스텔,30.0000,201601,08,"4,500",3,-,-,1991,도령로 54,-,-,-
456,제주특별자치도 제주시 외도일동,505-4,0505,0004,한탑주상복합,40.2600,201601,07,"5,750",11,-,-,2008,우령2길 3-3,-,-,-
457,제주특별자치도 제주시 연동,1374-2,1374,0002,에코 블루,36.4500,201601,06,"12,000",10,-,-,2015,연북로 98,-,-,-
458,제주특별자치도 제주시 연동,2324-5,2324,0005,제주현대오피스텔,33.6000,201601,06,"6,500",3,-,-,1990,도령로 87,-,-,-
459,제주특별자치도 서귀포시 서홍동,1615-2,1615,0002,아이뜨락,82.9500,201601,06,"19,834",6,-,-,2015,현청로 20,-,-,-
460,제주특별자치도 제주시 외도일동,505-4,0505,0004,한탑주상복합,40.2600,201601,05,"6,500",7,-,-,2008,우령2길 3-3,-,-,-
461,제주특별자치도 제주시 연동,306-12,0306,0012,진호 케스텔,37.9750,201601,05,"6,200",7,-,-,2003,사장길 37,-,-,-
462,제주특별자치도 제주시 연동,1374-2,1374,0002,에코 블루,39.7600,201601,04,"10,514",2,-,-,2015,연북로 98,-,-,-
463,제주특별자치도 제주시 노형동,906-5,0906,0005,한신코아오피스텔,42.3100,201601,04,"8,000",9,-,-,1991,도령로 54,-,-,-
464,제주특별자치도 제주시 연동,1374-2,1374,0002,에코 블루,36.4500,201601,04,"5,634",8,-,-,2015,연북로 98,-,-,-
465,제주특별자치도 제주시 연동,1374-2,1374,0002,에코 블루,36.4500,201601,04,"5,634",8,-,-,2015,연북로 98,-,-,-
466,제주특별자치도 제주시 연동,1374-2,1374,0002,에코 블루,36.4500,201601,04,"10,452",1,-,-,2015,연북로 98,-,-,-